{
  "Users": [
    {
      "id": 1,
      "title": "json-server",
      "author": "typicode"
    },
    {
      "id": 2,
      "title": "biscuite",
      "author": "ricky"
    },
    {
      "id": 3,
      "title": "mon",
      "author": "shane"
    },
    {
      "id": 4,
      "title": "bahubali",
      "author": "s.s.Rajamouli"
    },
    {
      "id": 5,
      "title": "captain",
      "author": "jack"
    },
    {
      "id": 6,
      "title": "money heist",
      "author": "Profesor"
    },
    {
      "id": 7,
      "title": "WWWE",
      "author": "The Rock"
    },
    {
      "id": 8,
      "title": "Facebook",
      "author": "Mark"
    },
    {
      "id": 1,
      "title": "json-server",
      "author": "typicode"
    },
    {
      "id": 2,
      "title": "biscuite",
      "author": "ricky"
    },
    {
      "id": 3,
      "title": "mon",
      "author": "shane"
    },
    {
      "id": 4,
      "title": "bahubali",
      "author": "s.s.Rajamouli"
    },
    {
      "id": 5,
      "title": "captain",
      "author": "jack"
    },
    {
      "id": 6,
      "title": "money heist",
      "author": "Profesor"
    },
    {
      "id": 7,
      "title": "WWWE",
      "author": "The Rock"
    },
    {
      "id": 8,
      "title": "Facebook",
      "author": "Mark"
    }
  ]
}